dataset,slug,hltv_url,veto_sequence,source_note
cologne_stage1_last4months_vs_vrs_top100,jijiehao-vs-lynn-vision-24-01-2026,https://www.hltv.org/matches/2389370/jijiehao-vs-lynn-vision-zhi-tech-elite-masters-2026,JiJieHao removed Nuke | Lynn Vision removed Mirage | JiJieHao picked Dust2 | Lynn Vision picked Inferno | Lynn Vision removed Ancient | JiJieHao removed Overpass | Anubis was left over,HLTV match page numbered veto sequence
cologne_stage1_last4months_vs_vrs_top100,johnny-speeds-vs-big-24-01-2026,https://www.hltv.org/matches/2389604/johnny-speeds-vs-big-united21-esplay-challenge-season-1,BIG removed Nuke | Johnny Speeds removed Ancient | BIG picked Dust2 | Johnny Speeds picked Overpass | BIG removed Anubis | Johnny Speeds removed Inferno | Mirage was left over,HLTV match page numbered veto sequence
cologne_stage1_last4months_vs_vrs_top100,gaimingladiators-vs-sharks-24-01-2026,https://www.hltv.org/matches/2389448/gaimin-gladiators-vs-sharks-betboom-circuit-x-redemption-curitiba-2026,Gaimin Gladiators removed Mirage | Sharks removed Dust2 | Gaimin Gladiators picked Inferno | Sharks picked Nuke | Gaimin Gladiators removed Overpass | Sharks removed Anubis | Ancient was left over,HLTV match page numbered veto sequence
cologne_stage1_last4months_vs_vrs_top100,big-vs-alliance-cs-24-01-2026,https://www.hltv.org/matches/2389608/united21-esplay-challenge-season-1-semi-final-2-united21-esplay-challenge-season-1,BIG removed Nuke | Alliance removed Mirage | BIG picked Dust2 | Alliance picked Ancient | BIG removed Anubis | Alliance removed Overpass | Inferno was left over,HLTV match page numbered veto sequence
cologne_stage1_last4months_vs_vrs_top100,9z-vs-gaimingladiators-24-01-2026,https://www.hltv.org/matches/2389451/9z-vs-gaimin-gladiators-betboom-circuit-x-redemption-curitiba-2026,Gaimin Gladiators removed Mirage | 9z removed Anubis | Gaimin Gladiators picked Dust2 | 9z picked Overpass | Gaimin Gladiators removed Nuke | 9z removed Ancient | Inferno was left over,HLTV match page numbered veto sequence
cologne_stage1_last4months_vs_vrs_top100,mibr-vs-red-canids-cs-go-24-01-2026,https://www.hltv.org/matches/2389452/mibr-vs-red-canids-betboom-circuit-x-redemption-curitiba-2026,RED Canids removed Anubis | MIBR removed Nuke | RED Canids picked Inferno | MIBR picked Ancient | RED Canids removed Overpass | MIBR removed Dust2 | Mirage was left over,HLTV match page numbered veto sequence
cologne_stage1_last4months_vs_vrs_top100,flyquest-vs-jijiehao-25-01-2026,https://www.hltv.org/matches/2389371/flyquest-vs-jijiehao-zhi-tech-elite-masters-2026,JiJieHao removed Inferno | FlyQuest removed Nuke | JiJieHao picked Ancient | FlyQuest picked Anubis | JiJieHao picked Dust2 | FlyQuest picked Mirage | Overpass was left over,HLTV match page numbered veto sequence
cologne_stage1_last4months_vs_vrs_top100,gaimingladiators-vs-mibr-25-01-2026,https://www.hltv.org/matches/2389454/gaimin-gladiators-vs-mibr-betboom-circuit-x-redemption-curitiba-2026,MIBR removed Dust2 | Gaimin Gladiators removed Mirage | MIBR picked Anubis | Gaimin Gladiators picked Ancient | MIBR picked Inferno | Gaimin Gladiators picked Overpass | Nuke was left over,HLTV match page numbered veto sequence
cologne_stage1_last4months_vs_vrs_top100,betboom-team-vs-hotu-28-01-2026,https://www.hltv.org/matches/2389621/betboom-vs-hotu-myskill-pro-league-series-1,HOTU removed Inferno | BetBoom removed Overpass | HOTU picked Anubis | BetBoom picked Mirage | HOTU removed Dust2 | BetBoom removed Ancient | Nuke was left over,HLTV match page numbered veto sequence
cologne_stage1_last4months_vs_vrs_top100,nuclear-tigeres-vs-sinners-10-02-2026,https://www.hltv.org/matches/2390107/nuclear-tigeres-vs-sinners-iem-atlanta-2026-closed-qualifier,Nuclear TigeRES removed Overpass | SINNERS removed Anubis | Nuclear TigeRES picked Ancient | SINNERS picked Dust2 | Nuclear TigeRES removed Mirage | SINNERS removed Inferno | Nuke was left over,HLTV match page numbered veto sequence
cologne_stage1_last4months_vs_vrs_top100,lynn-vision-vs-chinggis-warriors-26-02-2026,https://www.hltv.org/matches/2390797/lynn-vision-vs-chinggis-warriors-pgl-bucharest-2026-east-asia-closed-qualifier,Chinggis Warriors removed Anubis | Lynn Vision removed Mirage | Chinggis Warriors picked Nuke | Lynn Vision picked Dust2 | Lynn Vision removed Ancient | Chinggis Warriors removed Overpass | Inferno was left over,HLTV match page numbered veto sequence
cologne_stage1_last4months_vs_vrs_top100,the-huns-esports-vs-lynn-vision-12-03-2026,https://www.hltv.org/matches/2391671/the-huns-vs-lynn-vision-cs-asia-championships-2026-asia-closed-qualifier,Lynn Vision removed Mirage | The Huns removed Anubis | Lynn Vision picked Dust2 | The Huns picked Inferno | Lynn Vision removed Ancient | The Huns removed Nuke | Overpass was left over,HLTV match page numbered veto sequence
cologne_stage1_last4months_vs_vrs_top100,betboom-team-vs-ursa-24-04-2026,https://www.hltv.org/matches/2393193/betboom-vs-ursa-nodwin-clutch-series-7,Ursa removed Ancient | BetBoom removed Inferno | Ursa picked Dust2 | BetBoom picked Nuke | Ursa removed Mirage | BetBoom removed Overpass | Anubis was left over,HLTV match page numbered veto sequence
cologne_stage1_last4months_vs_vrs_top100,sharks-vs-100-thieves-03-05-2026,https://www.hltv.org/matches/2393985/sharks-vs-100-thieves-stake-ranked-episode-2-closed-qualifier,100 Thieves removed Anubis | Sharks removed Dust2 | 100 Thieves picked Inferno | Sharks picked Nuke | Sharks removed Mirage | 100 Thieves removed Overpass | Ancient was left over,HLTV match page numbered veto sequence
cologne_stage1_last4months_vs_vrs_top100,m80-cs-go-vs-wildcard-gaming-04-05-2026,https://www.hltv.org/matches/2393734/wildcard-vs-m80-thunderpick-world-championship-2026-north-america,Wildcard removed Ancient | M80 removed Nuke | Wildcard picked Dust2 | M80 picked Inferno | Wildcard removed Overpass | M80 removed Anubis | Mirage was left over,HLTV match page numbered veto sequence
cologne_stage1_last4months_vs_vrs_top100,gamerlegion-vs-natus-vincere-17-05-2026,https://www.hltv.org/matches/2394178/gamerlegion-vs-natus-vincere-iem-atlanta-2026,GamerLegion removed Dust2 | Natus Vincere removed Overpass | GamerLegion picked Mirage | Natus Vincere picked Anubis | GamerLegion picked Nuke | Natus Vincere picked Ancient | Inferno was left over,HLTV match page numbered veto sequence
blast_austin_major_2025,aurora-gaming-vs-g2-13-06-2025,https://www.hltv.org/matches/2382598/aurora-vs-g2-blasttv-austin-major-2025,G2 removed Train | G2 removed Anubis | Aurora removed Ancient | Aurora removed Dust2 | Aurora removed Mirage | G2 removed Nuke | Inferno was left over,HLTV match page numbered veto sequence
blast_austin_major_2025,the-mongolz-vs-lynn-vision-13-06-2025,https://www.hltv.org/matches/2382599/the-mongolz-vs-lynn-vision-blasttv-austin-major-2025,The MongolZ removed Train | The MongolZ removed Anubis | Lynn Vision removed Mirage | Lynn Vision removed Ancient | Lynn Vision removed Inferno | The MongolZ removed Dust2 | Nuke was left over,HLTV match page numbered veto sequence
